{"tcp-rollout-phase-iii-tcp-on-by-default-for-50-existing-release-profiles":{"slug":"tcp-rollout-phase-iii-tcp-on-by-default-for-50-existing-release-profiles","branch":{"slug":"control","ratio":1,"feature":{"value":{},"enabled":false,"featureId":"this-is-included-for-desktop-pre-95-support"},"features":[{"value":{"enabled":true},"enabled":true,"featureId":"tcpByDefault"}]},"active":true,"enrollmentId":"7038c618-192d-495c-b0d9-669d0e433fe2","experimentType":"nimbus","source":"rs-loader","userFacingName":"TCP rollout, Phase III (TCP on by default for 50% EXISTING Release profiles)","userFacingDescription":"\"By default\" rollout: Gradually turning on Total Cookie Protection in standard browsing by default for EXISTING user profiles","lastSeen":"2022-08-14T23:50:13.271Z","featureIds":["tcpByDefault"]}}