{"nextId":2,"logins":[{"id":1,"hostname":"10.10.1.202","httpRealm":null,"formSubmitURL":"10.10.1.202","usernameField":"uid","passwordField":"passw","encryptedUsername":"MDIEEPgAAAAAAAAAAAAAAAAAAAEwFAYIKoZIhvcNAwcECLRkxU8PJ7dTBAgdgPyhAWLYtA==","encryptedPassword":"MDoEEPgAAAAAAAAAAAAAAAAAAAEwFAYIKoZIhvcNAwcECKaSlA+EdZ7nBBDcQ9tgcYFWTP0ukgLAcc7G","guid":"{392ad95d-92e7-4349-b61e-f2e4ac805780}","encType":1,"timeCreated":1660521136370,"timeLastUsed":1660521136370,"timePasswordChanged":1660521136370,"timesUsed":1}],"potentiallyVulnerablePasswords":[],"dismissedBreachAlertsByLoginGUID":{},"version":3}